ID,Name,Source,Landing Page,Data App URL,Notes why app URL chosen,"If n/a, why?",Duplicate,Found by,Note,Need a review,
129,GWAS catalog browser,awesome-genome-visualization,https://www.ebi.ac.uk/gwas/variants/rs1558902,https://www.ebi.ac.uk/gwas/diagram,First link in header (page itself has no visualizations/links to visualizations),,FALSE,Thomas Smits,,No,
1,3D Genome Browser,genocat,http://3dgb.cs.mcgill.ca/,http://3dgb.cs.mcgill.ca/3dGBViewer.html?3dmodel=K562-All,"Error Message: Service is not available at this moment. We are doing all the best to fix it now. Please, try again later.",,FALSE,Lawrence Weru,,No,
2,3dViewer,genocat,http://bioinfo.au.tsinghua.edu.cn/member/nadhir/HiC3DViewer/,n/a,Server not found,,FALSE,Lawrence Weru,,No,
3,AA (alignment annotator),awesome-genome-visualization,http://www.bioinformatics.org/strap/aa,http://www.bioinformatics.org/strap/aa/aa.php?sid=x2025_03_03_145141Rba11,First example,,TRUE,Lawrence Weru,,No,
4,ABrowse (genome browser),awesome-genome-visualization,null,n/a,Requires credential input,,FALSE,Lawrence Weru,,No,
5,abrowse (MSA viewer),awesome-genome-visualization,https://github.com/ihh/abrowse,https://ihh.github.io/abrowse/build/index.html,First example,,FALSE,Lawrence Weru,,No,
6,ABrowse,genocat,http://www.abrowse.org/,n/a,Requires credential input,,FALSE,Lawrence Weru,,No,
7,Aequatus,awesome-genome-visualization,https://github.com/TGAC/Aequatus,n/a,Demo link dead,,FALSE,Lawrence Weru,,No,
8,AGB assembly graph browser,awesome-genome-visualization,null,n/a,Demo link dead,,FALSE,Lawrence Weru,,No,
9,alignment.js,awesome-genome-visualization,https://github.com/veg/alignment.js,http://alignment.hyphy.org/fasta-click-and-hover,"Has scroll, click, hover handlers",,FALSE,Lawrence Weru,,No,
10,AlignmentViewer,awesome-genome-visualization,https://alignmentviewer.org/,https://alignmentviewer.org,"Has example, but example does not generate a specific URL",,FALSE,Lawrence Weru,,No,
11,AliTV,awesome-genome-visualization,https://alitvteam.github.io/AliTV/d3/AliTV.html,https://alitvteam.github.io/AliTV/d3/AliTV.html,Landing page is a data app,,FALSE,Lawrence Weru,,No,
12,AliView,genocat,http://ormbunkar.se/aliview/,n/a,Doesn't appear to be a web app,,FALSE,Lawrence Weru,,No,
13,Allen Brain Map - Transcriptomics Explorer,awesome-biological-visualizations,http://celltypes.brain-map.org/rnaseq/human_m1_10x,http://celltypes.brain-map.org/rnaseq/human_m1_10x,Landing page is a data app,,FALSE,Lawrence Weru,,No,
14,Allen Mouse Brain Connectivity Atlas,awesome-biological-visualizations,http://connectivity.brain-map.org/,http://connectivity.brain-map.org/,"Has example, but example does not generate a specific URL",,FALSE,Lawrence Weru,,No,
15,Alvis,genocat,https://bitbucket.org/rfs/alvis/src/master/,n/a,No publicly available web demo found,,FALSE,Lawrence Weru,,No,
16,AlzMap,awesome-biological-visualizations,https://alzmap.org/,https://alzmap.org/slide/data?slide_id=N05_D2&image_type=AB1&force_refresh=False&show_category=score&gene=Cst7&gset_spatial=spatial_purple&gset_go=GO_0006954__inflammatoryresponse&gset_gwas=gwas_ad_marioni_0_001&gset_celltype=celltype_zeisel_Microglia&score=AB,First example,,FALSE,Lawrence Weru,,No,
17,AnnoJ,awesome-genome-visualization,https://brainome.ucsd.edu/howto_annoj.html,https://brainome.ucsd.edu/howto_annoj.html,"Linked from publicaitons page (""data browser"")",,FALSE,Lawrence Weru,,No,
18,Apollo aka WebApollo,awesome-genome-visualization,https://genomearchitect.readthedocs.io/en/latest/,n/a,No publicly available web demo found,,FALSE,Lawrence Weru,,No,
19,Apollo,genocat,https://github.com/GMOD/Apollo,http://demo.genomearchitect.io/Apollo2/annotator/index,,,FALSE,Lawrence Weru,Requires credential input (demo@demo.com / demo),No,
20,Aquaria,awesome-genome-visualization,http://aquaria.ws/Q9HD67/5i0i/A,n/a,Server dropped connection,,FALSE,Lawrence Weru,,No,
21,Archaeopteryx,awesome-biological-visualizations,http://www.phyloxml.org/archaeopteryx-js/bcl2_js.html,n/a,Demo link dead,,FALSE,Lawrence Weru,,No,
22,ASAP,awesome-biological-visualizations,https://asap.epfl.ch/,https://asap.epfl.ch/projects/new,example does not generate a specific URL,,FALSE,Lawrence Weru,,No,
23,Avivator,awesome-biological-visualizations,http://avivator.gehlenborglab.org/,https://avivator.gehlenborglab.org/?image_url=https://viv-demo.storage.googleapis.com/LuCa-7color_Scan1/,Landing page is a data app,,FALSE,Lawrence Weru,,No,
24,BactoGenie,genocat,http://genocat.tools/tools/bactogenie/,n/a,No publicly available web demo found,,FALSE,Lawrence Weru,,No,
25,BedSect,genocat,http://imgsb.org/bedsect/,https://imgsb.org/bedsect/result.php?uid=b2fa829ebe,First example,,FALSE,Lawrence Weru,,No,
26,BigTop,awesome-genome-visualization,https://blog.dnanexus.com/2019-05-21-bigtop-data-visualization/,n/a,No publicly available web demo found,,FALSE,Lawrence Weru,,No,
27,BioCircos.js,awesome-genome-visualization,http://bioinfo.ibp.ac.cn/biocircos/,http://bioinfo.ibp.ac.cn/biocircos/gallery01.php,First example,,FALSE,Lawrence Weru,,No,
28,Biodalliance comparative demo,awesome-genome-visualization,http://biodalliance.org/dev/test-comparative.html,http://biodalliance.org/dev/test-comparative.html,Landing page is a data app,,FALSE,Lawrence Weru,,No,
29,Biodalliance,awesome-genome-visualization,http://www.biodalliance.org/,http://www.biodalliance.org/,Landing page is a data app,,FALSE,Lawrence Weru,,No,
30,BioJS/MSA,awesome-genome-visualization,https://msa.biojs.net/,n/a,No publicly available web demo found,,FALSE,Lawrence Weru,,No,
31,Boxshade,awesome-genome-visualization,https://embnet.vital-it.ch/software/BOX_form.html,n/a,Server not found,,FALSE,Lawrence Weru,,No,
32,Brain mRNA Isoform Atlas,awesome-biological-visualizations,https://isoformatlas.com/,https://noush-joglekar.shinyapps.io/spatialviz/,First functional example (second link),,FALSE,Lawrence Weru,,No,
33,Broad Institute Single Cell Portal,awesome-biological-visualizations,https://singlecell.broadinstitute.org/single_cell,https://singlecell.broadinstitute.org/single_cell/study/SCP2963/divergent-opioid-mediated-suppression-of-inhibition-between-hippocampus-and-neocortex-across-species-and-development,First example,,FALSE,Lawrence Weru,,No,
34,cBioPortal for Cancer Genomics,awesome-biological-visualizations,http://www.cbioportal.org/,http://www.cbioportal.org/study/summary?id=msk_chord_2024,First example,,FALSE,Lawrence Weru,,No,
35,cellxgene,awesome-biological-visualizations,https://www.kidneycellatlas.org/mature-kidney-immune,https://www.kidneycellatlas.org/mature-kidney-immune,Landing page is a data app,,FALSE,Lawrence Weru,,No,
36,CEpBrowser,genocat,https://www.cepbrowser.org/,https://www.cepbrowser.org/,Landing page is a data app,,FALSE,Lawrence Weru,,No,
37,CGView Server,genocat,http://stothard.afns.ualberta.ca/cgview_server/,n/a,Discontinued,,FALSE,Lawrence Weru,"(""Proksee has replaced CGView Server"")",No,
38,CGView,genocat,http://wishart.biology.ualberta.ca/cgview/,https://js.cgview.ca/examples/example-plasmid.html,"Assuming CGView.js, found via ualberta website",,TRUE,Lawrence Weru,,No,
39,CGView,awesome-genome-visualization,http://cgview.ca/,https://js.cgview.ca,Assuming CGView.js,,TRUE,Lawrence Weru,,No,
40,Chromatiblock,awesome-genome-visualization,https://github.com/mjsull/chromatiblock,n/a,No publicly available web demo found,,FALSE,Lawrence Weru,,No,
41,Chromatic,awesome-genome-visualization,https://chromatic.nci.nih.gov/,n/a,Demo link timeout,,FALSE,Lawrence Weru,,No,
42,Cinteny,awesome-genome-visualization,http://cinteny.cchmc.org/,http://cinteny.cchmc.org/,Landing page is a data app,,FALSE,Lawrence Weru,,No,
43,Circos,genocat,http://circos.ca/,n/a,Doesn't appear to be a web app,,FALSE,Lawrence Weru,,No,
44,CircosJS,awesome-genome-visualization,https://github.com/nicgirault/circosJS,https://nicgirault.github.io/circosJS/demo/,First example,,FALSE,Lawrence Weru,,No,
45,Civi,genocat,http://civi.cmbi.ru.nl/,n/a,Server not found,,FALSE,Lawrence Weru,,No,
46,ClicO Free Service,genocat,http://codoncloud.com:3000/,n/a,Timeout,,FALSE,Lawrence Weru,,No,
47,clinker,awesome-genome-visualization,https://github.com/gamcil/clinker,n/a,No publicly available web demo found,,FALSE,Lawrence Weru,,No,
48,clonifier,awesome-genome-visualization,https://dlesl.github.io/clonifier/,https://dlesl.github.io/clonifier/#!bin:mg1655.bin,First example,,FALSE,Lawrence Weru,,No,
49,Clustergrammer CCLE Explorer,awesome-biological-visualizations,https://maayanlab.github.io/CCLE_Clustergrammer/,https://maayanlab.github.io/CCLE_Clustergrammer/,Landing page is a data app,,FALSE,Lawrence Weru,,No,
50,Clustergrammer,awesome-biological-visualizations,https://maayanlab.cloud/clustergrammer/,https://maayanlab.cloud/clustergrammer/viz_sim_mats/58a492b4a63cb826f0be6476/rc_two_cats.txt,First example,,FALSE,Lawrence Weru,,No,
51,CMap,awesome-genome-visualization,http://gmod.org/wiki/CMap,n/a,404,,FALSE,Lawrence Weru,,No,
52,CNVkit,genocat,https://github.com/etal/cnvkit,n/a,Requires credential input,,FALSE,Lawrence Weru,,No,
53,Coessentiality,awesome-biological-visualizations,http://coessentiality.net/,http://coessentiality.net/,Landing page is a data app,,FALSE,Lawrence Weru,,No,
54,CoGe,awesome-genome-visualization,https://genomevolution.org/coge/,https://genomevolution.org/coge/GenomeView.pl?gid=4243&loc=1%3A19973..20026&tracks=sequence&highlight=,First example,,FALSE,Lawrence Weru,,No,
55,Combo,genocat,http://genocat.tools/tools/combo/n/a,n/a,404,,FALSE,Lawrence Weru,,No,
56,"Comparative assembly hub / snake track""",awesome-genome-visualization,https://www.ncbi.nlm.nih.gov/pmc/articles/PMC4296145/,n/a,No publicly available web demo found,,FALSE,Lawrence Weru,,No,
57,CoolBox,awesome-genome-visualization,null,n/a,No publicly available web demo found,,FALSE,Lawrence Weru,,No,
58,Cooler,genocat,https://github.com/mirnylab/cooler,n/a,Doesn't appear to be a web app,,FALSE,Lawrence Weru,,No,
59,COSMIC Cancer Browser,awesome-biological-visualizations,https://cancer.sanger.ac.uk/cosmic/browse/tissue,https://cancer.sanger.ac.uk/cosmic/browse/tissue?wgs=off&sn=adrenal_gland&ss=all&hn=all&sh=all&in=t&src=tissue&all_data=n,First example,,FALSE,Lawrence Weru,,No,
60,COSMIC-3D,awesome-biological-visualizations,https://cancer.sanger.ac.uk/cosmic3d/protein/EGFR,https://cancer.sanger.ac.uk/cosmic3d/protein/EGFR,Landing page is a data app,,FALSE,Lawrence Weru,,No,
61,CRAMER,genocat,https://github.com/FadyMohareb/cramer,n/a,No publicly available web demo found,,FALSE,Lawrence Weru,,No,
62,CRISPResso2,genocat,https://crispresso.pinellolab.partners.org/submission,https://crispresso.pinellolab.partners.org/submission,Landing page is a data app,,FALSE,Lawrence Weru,,No,
63,Cvit.js,awesome-genome-visualization,https://github.com/LegumeFederation/cvitjs,https://awilkey.github.io/cvitjs/?data=test1,First example,,FALSE,Lawrence Weru,,No,
64,CVit,awesome-genome-visualization,https://sourceforge.net/projects/cvit/,n/a,Doesn't appear to be a web app,,FALSE,Lawrence Weru,,No,
65,Cytosplore,awesome-biological-visualizations,https://www.cytosplore.org/,n/a,Doesn't appear to be a web app,,FALSE,Lawrence Weru,,No,
66,D-GENIES,awesome-genome-visualization,http://dgenies.toulouse.inra.fr/,https://dgenies.toulouse.inra.fr/run,"Has ""load example"" but is executed as a job so example link may not be permanent",,FALSE,Lawrence Weru,,No,
67,D3GB,awesome-genome-visualization,http://d3gb.usal.es/,n/a,Demo link dead,,FALSE,Lawrence Weru,,No,
68,Deep Motif Dashboard,genocat,https://qdata.github.io/deep4biomed-web//,n/a,No publicly available web demo found,,FALSE,Lawrence Weru,,No,
69,deepTools Heatmap,genocat,https://deeptools.readthedocs.io/en/develop/content/tools/plotHeatmap.html,https://usegalaxy.eu/?tool_id=toolshed.g2.bx.psu.edu%2Frepos%2Fbgruening%2Fdeeptools_plot_heatmap%2Fdeeptools_plot_heatmap%2F3.5.4%2Bgalaxy0&version=latest,"""our public deepTools Galaxy server letâ€™s you use the deepTools within the familiar Galaxy framework without the need to master the command line""",,FALSE,Lawrence Weru,,No,
70,Delta,awesome-biological-visualizations,http://delta.big.ac.cn/,https://delta.ngdc.cncb.ac.cn/jbrowse/index.html?data=1499137860032&loc=11%3A1..13250000&tracks=TAD%2CInteraction%2CLCR_Gene%2CLCR%2CGM12878_H2AZ_signal%2Cresolution=50000&organism=hg19&sb=90,"clicked ""genome view"" in main nav",,FALSE,Lawrence Weru,,No,
71,DNAPlotter,genocat,https://www.sanger.ac.uk/science/tools/dnaplotter,n/a,Doesn't appear to be a web app,,FALSE,Lawrence Weru,,No,
72,DNASkittle,awesome-genome-visualization,https://www.dnaskittle.com/,https://www.dnaskittle.com/browse/homo/sapiens/hg19/chrY/?graphs=bn&start=1468365&scale=1&width=105&annotation=gencode,First example,,FALSE,Lawrence Weru,,No,
73,Dot,awesome-genome-visualization,https://dot.sandbox.bio/,https://dot.sandbox.bio/?coords=https://assets.sandbox.bio/dot/gorilla_to_GRCh38.coords&index=https://assets.sandbox.bio/dot/gorilla_to_GRCh38.coords.idx&annotations=https://assets.sandbox.bio/dot/gencode.v27.genes.bed,"Second example (more complex), takes some time to load -- analysis timeout warning",,FALSE,Lawrence Weru,,No,
74,Dotlet,awesome-genome-visualization,https://dotlet.vital-it.ch/,https://dotlet.vital-it.ch/,Landing page is a data app,,FALSE,Lawrence Weru,,No,
75,Dotplot (chirimoyo),awesome-genome-visualization,https://chirimoyo.ac.uma.es/bitlab/portfolio/dotplot/,n/a,503,,FALSE,Lawrence Weru,,No,
76,dotPlotly,awesome-genome-visualization,https://github.com/tpoorten/dotPlotly/,https://tom-poorten.shinyapps.io/dotplotly_shiny/,"""Shiny app available for testing""",,FALSE,Lawrence Weru,,No,
77,EaSeq,genocat,https://easeq.net/,n/a,Doesn't appear to be a web app,,FALSE,Lawrence Weru,,No,
78,EBI Single Cell Expression Atlas,awesome-biological-visualizations,https://www.ebi.ac.uk/gxa/sc/home,https://www.ebi.ac.uk/gxa/sc/search?symbol=CFTR,First example,,FALSE,Lawrence Weru,,No,
79,Edgar Genome Browser,genocat,https://edgar.computational.bio.uni-giessen.de/cgi-bin/edgar.cgi?action=view&type=genomeBrowser&project=EDGAR_Aerococcus,https://edgar.biocomp.unibo.it/cgi-bin/gene_disease_db/search.py?type=None&query=None,"This data app is a search engine, used the search input page instead of search results",,FALSE,Lawrence Weru,,No,
80,EnrichedHeatmap,genocat,https://bioconductor.org/packages/release/bioc/html/EnrichedHeatmap.html,n/a,Doesn't appear to be a web app,,FALSE,Lawrence Weru,,No,
81,Ensembl genome browser 2020 edition,awesome-genome-visualization,http://2020.ensembl.org/,http://2020.ensembl.org/,Landing page is a data app,,FALSE,Lawrence Weru,,No,
82,Ensembl genome browser,awesome-genome-visualization,https://useast.ensembl.org/Homo_sapiens/Location/View?r=17:63992802-64038237,https://useast.ensembl.org/Homo_sapiens/Location/View?r=17:63992802-64038237,Landing page is a data app,,FALSE,Lawrence Weru,,No,
83,Ensembl,awesome-biological-visualizations,http://www.ensembl.org/,http://useast.ensembl.org/Multi/Tools/Blast?db=core,Second option on landing page,,FALSE,Lawrence Weru,,No,
84,Epilogos,awesome-genome-visualization,https://epilogos.altius.org/,https://epilogos.altius.org/?application=viewer&sampleSet=vC&mode=single&genome=hg38&model=18&complexity=KL&group=all&chrLeft=chr19&chrRight=chr19&start=54620800&stop=54689200&gatt=cv,First example,,FALSE,Lawrence Weru,,No,
85,Epiviz,awesome-genome-visualization,https://epiviz.github.io/,https://www.google.com/url?sa=t&source=web&rct=j&opi=89978449&url=https://epiviz.github.io/epiviz.gl/&ved=2ahUKEwjOv5vCrYqMAxUeEVkFHeDgKlgQFnoECBcQAQ&usg=AOvVaw2_HPtVJiAUozAURvp5a0Lx,"From Googling ""epiviz web demo""",,FALSE,Lawrence Weru,,No,
86,Epiviz,awesome-biological-visualizations,http://epiviz.cbcb.umd.edu/4/,n/a,,,FALSE,Lawrence Weru,,No,
87,ESPript,awesome-genome-visualization,http://espript.ibcp.fr/ESPript/ESPript/,https://espript.ibcp.fr/ESPript/cgi-bin/ESPript.cgi,First example,,FALSE,Lawrence Weru,,No,
88,eweitz/Ideogram,awesome-genome-visualization,https://github.com/eweitz/ideogram,https://eweitz.github.io/ideogram/annotations-tracks,Most seemingly complex example,,FALSE,Lawrence Weru,,No,
89,ExploSig,awesome-biological-visualizations,http://explosig.lrgr.io/,n/a,,,FALSE,Lawrence Weru,,No,
90,EzMol,awesome-biological-visualizations,http://www.sbg.bio.ic.ac.uk/~ezmol/,http://www.sbg.bio.ic.ac.uk/~ezmol/,Landing page is a data app,,FALSE,Lawrence Weru,,No,
91,FeatureViewer,awesome-genome-visualization,https://github.com/calipho-sib/feature-viewer,https://www.nextprot.org/entry/NX_P06213/structures,First example,,FALSE,Lawrence Weru,,No,
92,FluentDNA,awesome-genome-visualization,https://www.ncbi.nlm.nih.gov/pmc/articles/PMC7203487/,https://fluentdna.com/Human_Genome_Hg38_and_Genes_Gencodev30/,First example,,FALSE,Lawrence Weru,,No,
93,FlyWire,awesome-biological-visualizations,https://flywire.ai/,n/a,Requires credential input,,FALSE,Lawrence Weru,,No,
94,Galaxy HiCExplorer,genocat,https://hicexplorer.usegalaxy.eu/,https://hicexplorer.usegalaxy.eu/,Landing page is a data app,,FALSE,Lawrence Weru,,No,
95,GBrowse 2,awesome-genome-visualization,http://gmod.org/wiki/GBrowse,n/a,404,,FALSE,Lawrence Weru,,No,
96,GBrowse_syn,awesome-genome-visualization,http://gmod.org/wiki/GBrowse_syn,n/a,404,,FALSE,Lawrence Weru,,No,
97,GECO,awesome-genome-visualization,http://bioinfo.mikrobio.med.uni-giessen.de/geco2/GecoMainServlet,n/a,Server not found,,FALSE,Lawrence Weru,,No,
98,GeCoViz,awesome-genome-visualization,https://gecoviz.cgmlab.org/,https://gecoviz.cgmlab.org,Landing page is a data app,,FALSE,Lawrence Weru,,No,
99,Geneious,genocat,https://www.geneious.com/,n/a,Requires credential input,,FALSE,Lawrence Weru,,No,
100,GeneMANIA,awesome-biological-visualizations,http://genemania.org/,http://genemania.org/search/homo-sapiens/RAD51/MLH1/MSH2/DMC1/RAD51AP1/RAD50/MSH6/XRCC3/PCNA/XRCC2/RAD54B/MRE11A,First example,,FALSE,Lawrence Weru,,No,
101,Genome Annotator Light (GAL),genocat,https://github.com/computational-genomics-lab/GAL,n/a,,Demo is broken,FALSE,Thomas Smits,"Webpage http://www.eumicrobedb.org/cglab not responding, check back later",Yes,
102,Genome Context Viewer,awesome-genome-visualization,https://www.legumefederation.org/gcv/phytozome_10_2/,n/a,,Demo is broken,FALSE,Thomas Smits,,No,
103,GenomePaint,awesome-genome-visualization,https://genomepaint.stjude.cloud/,https://viz.stjude.cloud/tools/genomepaint,Landing page redirects directly to this demo,,FALSE,Thomas Smits,,No,
104,GenomeRing,genocat,https://www.wsi.uni-tuebingen.de/lehrstuehle/integrative-transkriptomik/software/genomering/,n/a,,Not web-based,FALSE,Thomas Smits,,No,
105,GenomeSpy,awesome-genome-visualization,https://genomespy.app/,https://genomespy.app/playground/,First entry under examples,,FALSE,Thomas Smits,,No,
106,GenomeSyn,awesome-genome-visualization,https://github.com/jmsong2/GenomeSyn,n/a,,Demo is broken,FALSE,Thomas Smits,,No,
107,GenomeView,genocat,http://genomeview.org/,n/a,,Not web-based,FALSE,Thomas Smits,,No,
108,Genomicus,awesome-genome-visualization,https://www.genomicus.biologie.ens.fr/genomicus/,https://www.genomicus.bio.ens.psl.eu/genomicus-110.01/cgi-bin/karyotypechoice.pl,First option of the showcase gallery (Multi-genomes comparison),,FALSE,Thomas Smits,,No,
109,genoPlotR,genocat,http://genoplotr.r-forge.r-project.org/,n/a,,Not web-based,FALSE,Thomas Smits,R package,No,
110,Genoverse,awesome-genome-visualization,https://github.com/wtsi-web/Genoverse,n/a,No publicly available web demo found,,FALSE,Thomas Smits,Non-private connection,Yes,
111,GenPlay,genocat,http://genplay.net/wiki/index.php/Downloads,n/a,,Requires sign-up,FALSE,Thomas Smits,"I believe it is not webbased, but I cannot check for sure because I need to sign up first. Regardless, the demo does not work. So there is no URL, but 'need a review' is for the reason",Yes,
112,Gepard,genocat,http://mips.gsf.de/services/analysis/gepard,n/a,,Not web-based,FALSE,Thomas Smits,"Url broken, I believe it https://github.com/univieCUBE/gepard",Yes,
113,ggBio,genocat,https://bioconductor.org/packages/release/bioc/html/ggbio.html,n/a,,Not web-based,FALSE,Thomas Smits,R package,No,
114,gGnomes.js,awesome-genome-visualization,https://github.com/mskilab/gGnome.js,http://www.mskilab.com.s3-website-us-east-1.amazonaws.com/gGraph/index.html?file=DO234435.json&location=1:1-249250621&view=,Link under the 'demo' description,,FALSE,Thomas Smits,,No,
115,gGnomes,awesome-genome-visualization,https://github.com/mskilab/gGnome,n/a,,Not web-based,FALSE,Thomas Smits,R package,No,
116,gingko,awesome-genome-visualization,http://qb.cshl.edu/ginkgo/?q=/9EiUttUP0CBHs3WnuBa0,n/a,,Cannot find a sharable URL,FALSE,Thomas Smits,"Urk broken, I believe it is https://ginkgo.zju.edu.cn/genome/tools/expression/",Yes,
117,Giotto Viewer,awesome-biological-visualizations,http://spatialgiotto.rc.fas.harvard.edu/giotto.viewer.html,n/a,,Not web-based,FALSE,Thomas Smits,R + Python package,No,
118,GIVE,genocat,https://www.givengine.org/,n/a,,Demo is broken,FALSE,Thomas Smits,Link not responding. Check later.,Yes,
119,GIVE,awesome-genome-visualization,https://zhong-lab-ucsd.github.io/GIVE_homepage/,n/a,Demo link timeout,,FALSE,Thomas Smits,First example link (https://singlecell.genemo.org) not responding. Check again later,Yes,
120,GIVe,awesome-biological-visualizations,https://mcf7.givengine.org/,n/a,,,TRUE,Thomas Smits,,No,
121,Gnomad browser,awesome-genome-visualization,https://github.com/macarthur-lab/gnomadjs,https://gnomad.broadinstitute.org/gene/ENSG00000169174,"Link on github repo to website, then first example (Gene: PCSK9)",,FALSE,Thomas Smits,,No,
122,Gosling,awesome-biological-visualizations,https://gosling.js.org/,https://gosling.js.org/,Landing page has visualization,,FALSE,Thomas Smits,,No,
123,graphgenomeviewer,awesome-genome-visualization,https://cmdcolin.github.io/graphgenomeviewer/,https://cmdcolin.github.io/graphgenomeviewer/,Landing page has visualization,,FALSE,Thomas Smits,,No,
124,Gremlin,genocat,http://compbio-research.cs.brown.edu/software/Gremlin/geneVisDemo.html,n/a,,Not web-based,FALSE,Thomas Smits,"Url broken, I believe it is this one: https://github.com/phansol/gremlin",No,
125,Gremlin,awesome-genome-visualization,http://compbio.cs.brown.edu/projects/gremlin/,n/a,,Not web-based,TRUE,Thomas Smits,,No,
126,GTEX Locus browser,awesome-genome-visualization,https://gtexportal.org/home/locusBrowserPage/ACTN3,https://gtexportal.org/home/locusBrowserPage/ACTN3,Landing page has visualization,,FALSE,Thomas Smits,,No,
127,GView,genocat,https://www.gview.ca/wiki/GView/WebHome,n/a,,Not web-based,FALSE,Thomas Smits,,No,
128,Gview,awesome-genome-visualization,https://server.gview.ca/examples,n/a,,Demo is broken,TRUE,Thomas Smits,Or duplicate.,Yes,
130,HiGlass,awesome-biological-visualizations,http://higlass.io/,http://higlass.io/,Landing page has visualization,,FALSE,Thomas Smits,,No,
131,HilbertCurve,genocat,https://bioconductor.org/packages/release/bioc/html/HilbertCurve.html,n/a,,Not web-based,FALSE,Thomas Smits,R package,No,
132,HilbertVis,genocat,https://bioconductor.org/packages/release/bioc/html/HilbertVis.html,n/a,,Not web-based,FALSE,Thomas Smits,R package,No,
133,HiPiler,awesome-biological-visualizations,http://hipiler.higlass.io/,n/a,404,,FALSE,,,No,
134,HUGIn,genocat,http://yunliweb.its.unc.edu/HUGIn,http://yunliweb.its.unc.edu/HUGIn,Landing page is a data app,,FALSE,Lawrence Weru,,No,
135,Human genome dating,awesome-genome-visualization,https://human.genome.dating/region/chr1_13250000,n/a,403,,FALSE,Lawrence Weru,,No,
136,IBS (Illustrator for Biological Sequences),awesome-genome-visualization,http://ibs.biocuckoo.org/,n/a,Server not found,,FALSE,Lawrence Weru,,No,
137,Icarus QUAST,awesome-genome-visualization,http://quast.sourceforge.net/icarus.html,http://quast.sourceforge.net/icarus.html,Landing page is a data app,,FALSE,Lawrence Weru,,No,
138,iCoMut Beta for FireBrowse,awesome-biological-visualizations,http://firebrowse.org/iCoMut/,http://firebrowse.org/iCoMut/?cohort=ACC,First example,,FALSE,Lawrence Weru,,No,
139,Ideogram viewer,awesome-genome-visualization,https://bioinformatics.mdanderson.org/public-software/ideogramviewer/,https://bioinformatics.mdanderson.org/ideogramviewer/Ideogram.html,First example,,FALSE,Lawrence Weru,,No,
140,IGB,genocat,http://bioviz.org/index.html,n/a,,Not web-based,FALSE,Thomas Smits,,No,
141,IGV.js,awesome-genome-visualization,https://github.com/igvteam/igv.js/,n/a,,Not web-based,FALSE,Thomas Smits,This is the JS package (but the web-based version is also in this list),No,
142,iLambda/Dotplot,awesome-genome-visualization,https://github.com/iLambda/dotplot,n/a,,There is no example page,FALSE,Thomas Smits,,No,
143,IMP: Integrative Multi-species Prediction,awesome-biological-visualizations,http://imp.princeton.edu/,https://imp.princeton.edu,,,FALSE,Thomas Smits,,No,
144,Institute for Health Metrics and Evaluation,awesome-biological-visualizations,http://www.healthdata.org/results/data-visualizations,https://vizhub.healthdata.org/gbd-compare/,,,FALSE,Thomas Smits,,No,
145,Integrative Genomics Viewer,genocat,http://software.broadinstitute.org/software/igv/,https://igv.org/app/,,,FALSE,Thomas Smits,,No,
146,Introgression browser,awesome-genome-visualization,https://git.wageningenur.nl/aflit001/ibrowser,n/a,,Not web-based,FALSE,Thomas Smits,,No,
147,IONpath MIBItracker,awesome-biological-visualizations,https://www.ionpath.com/mibitracker/,n/a,,Not web-based,FALSE,Thomas Smits,"Url broken, I believe it is this https://github.com/ionpath/mibilib",No,
148,IRScope,genocat,https://irscope.shinyapps.io/irapp/,n/a,,Cannot find a sharable URL,FALSE,Thomas Smits,,No,
149,iSEE,awesome-biological-visualizations,https://marionilab.cruk.cam.ac.uk/iSEE_allen/,n/a,,Demo is broken,FALSE,Thomas Smits,page not responding,Yes,
150,Island Viewer,genocat,https://www.pathogenomics.sfu.ca/islandviewer/,https://www.pathogenomics.sfu.ca/islandviewer/accession/NC_004631.1/?&load=%257B%2522m%2522%253A%257B%2522s%2522%253A4493092.18200115%252C%2522e%2522%253A4526150.469091758%252C%2522id%2522%253A%25222210%2522%252C%2522c%2522%253A500%252C%2522x%2522%253A%2522auto%2522%252C%2522y%2522%253A%2522auto%2522%252C%2522l%2522%253A600%257D%252C%2522un%2522%253A%255B%255D%252C%2522d%2522%253A%257B%2522v%2522%253Atrue%252C%2522t%2522%253A152.046875%252C%2522l%2522%253A836.234375%257D%257D?&load=%257B%2522m%2522%253A%257B%2522s%2522%253A4493298.565905276%252C%2522e%2522%253A4513493%252C%2522id%2522%253A%25222210%2522%252C%2522c%2522%253A500%252C%2522x%2522%253A%2522auto%2522%252C%2522y%2522%253A%2522auto%2522%252C%2522l%2522%253A600%257D%252C%2522un%2522%253A%255B%255D%252C%2522d%2522%253A%257B%2522v%2522%253Atrue%252C%2522t%2522%253A185.09375%252C%2522l%2522%253A840.3125%257D%257D,Link to the first example,,FALSE,Thomas Smits,,No,
151,IslandViewer and IslandPlot,awesome-genome-visualization,https://bl.ocks.org/lairdm/c6c235dbfa6e6ee61565,n/a,,There is no example page,FALSE,Thomas Smits,"There is a github gist example, (javascript so web-based), but nothing hosted",No,
152,J-Circos,genocat,http://www.australianprostatecentre.org/research/software/jcircos,n/a,,Not web-based,FALSE,Thomas Smits,,No,
153,JalView,genocat,http://www.jalview.org/,n/a,,Not web-based,FALSE,Thomas Smits,,No,
154,JAX Synteny browser,awesome-genome-visualization,https://github.com/TheJacksonLaboratory/syntenybrowser,https://syntenybrowser.jax.org/browser,Link on github repo to website,,FALSE,Thomas Smits,"There is a genome visualization in the selection of the example (which we can use), but for the main application you need to click 'SEE SELECTION IN BLOCK VIEW', which is not sharable in url. ",Yes,
155,JBrowse 2,awesome-genome-visualization,http://jbrowse.org/jb2,https://jbrowse.org/code/jb2/v3.1.0/?session=share-HShsEcnq3i&password=nYzTU,First example,,TRUE,Lawrence Weru,,No,
156,JBrowse,genocat,https://jbrowse.org/,https://jbrowse.org/code/jb2/v3.1.0/?session=share-HShsEcnq3i&password=nYzTU,First example,,TRUE,Lawrence Weru,,No,
157,JBrowse,awesome-genome-visualization,http://jbrowse.org/jbrowse1.html,https://jbrowse.org/code/JBrowse-1.16.11/index.html?data=sample_data/json/modencode,First example,,FALSE,Lawrence Weru,,No,
158,Jdot,awesome-genome-visualization,https://github.com/LyonsLab/jdot,n/a,Demo link dead,,FALSE,Lawrence Weru,,No,
159,JGI/IMG,awesome-genome-visualization,https://img.jgi.doe.gov/,https://img.jgi.doe.gov/cgi-bin/m/main.cgi?section=TreeFile&page=txs&type=taxonomy,First example,,FALSE,Lawrence Weru,,No,
160,JSAV,awesome-genome-visualization,http://www.bioinf.org.uk/software/jsav,http://www.bioinf.org.uk/software/jsav/demo.html,First example,,FALSE,Lawrence Weru,,No,
161,Juicebox.js,awesome-genome-visualization,http://www.igv.org/doc/juiceboxjs.html,https://aidenlab.org/juicebox/,First example,,TRUE,Lawrence Weru,,No,
162,Juicebox,awesome-biological-visualizations,http://aidenlab.org/juicebox/,https://aidenlab.org/juicebox/,First example,,TRUE,Lawrence Weru,,No,
163,KaryotypeSVG,awesome-genome-visualization,https://github.com/andreasprlic/karyotypeSVG,n/a,Demo link dead,,FALSE,Lawrence Weru,,No,
164,Kero-BROWSE,awesome-genome-visualization,https://kero.hgc.jp/examples/CLCL/hg38/index.html,https://kero.hgc.jp/examples/CLCL/hg38/index.html,Landing page is a data app,,FALSE,Lawrence Weru,,No,
165,L1000FWD,awesome-biological-visualizations,http://amp.pharm.mssm.edu/L1000FWD/,https://maayanlab.cloud/l1000fwd/main,First example,,FALSE,Lawrence Weru,,No,
166,Life Expectancy,awesome-biological-visualizations,http://projects.flowingdata.com/life-expectancy/,http://projects.flowingdata.com/life-expectancy/,Landing page is a data app,,FALSE,Lawrence Weru,,No,
167,Lifespans,awesome-biological-visualizations,http://www.cotrino.com/lifespan/,http://www.cotrino.com/lifespan/,Landing page is a data app,,FALSE,Lawrence Weru,,No,
168,LiteMol,awesome-biological-visualizations,https://webchemdev.ncbr.muni.cz/LiteMol/,n/a,Server not found,,FALSE,Lawrence Weru,,No,
169,Locuszoom.js,awesome-genome-visualization,http://locuszoom.org/locuszoomjs.php,http://locuszoom.org/locuszoomjs.php,Landing page is a data app,,FALSE,Lawrence Weru,,No,
170,Locuszoom,awesome-genome-visualization,http://locuszoom.org/,https://my.locuszoom.org/gwas/236887/,First example,,FALSE,Lawrence Weru,,No,
171,LogoJS,awesome-genome-visualization,https://logojs.wenglab.org/app/gallery/,https://logojs.wenglab.org/app/gallery/,Landing page is a data app,,FALSE,Lawrence Weru,,No,
172,Lollipop Plot cBio,genocat,https://www.cbioportal.org/results/mutations?session_id=5d0a75b0e4b0ab41378767ca,https://www.cbioportal.org/results/mutations?session_id=5d0a75b0e4b0ab41378767ca,Landing page is a data app,,FALSE,Lawrence Weru,,No,
173,LookSeq,awesome-genome-visualization,https://www.sanger.ac.uk/tool/lookseq/,n/a,No publicly available web demo found,,FALSE,Lawrence Weru,,No,
174,Loom Viewer,awesome-biological-visualizations,http://loom.linnarssonlab.org/dataset/cells/osmFISH/osmFISH_SScortex_mouse_all_cells.loom/NrBEoXQGhYDYoAYLRARigZlRgTDpAtAgFhRnSyg0Wrt1rUVuAHYlCYAOD5AzOo3qNmMAJy8ctaeWAYS0jvNoNqotpO6TSioZgmqmLCTJhNt0ebPCpgAWkQA6RJjgkxYxLkwlMrAKxIjr5wbv7~iKxcaLj~0AIkULhK~DAscpwZxGZJ_LIgigB2AK4ANqVKHIbquqi10LVKsgIl5RxyybFQPIGYGAi4yey4PGjDArjsaAgYaBOJaDy4A3i0C4G4EgbUEmiJmIwYmMnm2E0QQA,http://loom.linnarssonlab.org/dataset/cells/osmFISH/osmFISH_SScortex_mouse_all_cells.loom/NrBEoXQGhYDYoAYLRARigZlRgTDpAtAgFhRnSyg0Wrt1rUVuAHYlCYAOD5AzOo3qNmMAJy8ctaeWAYS0jvNoNqotpO6TSioZgmqmLCTJhNt0ebPCpgAWkQA6RJjgkxYxLkwlMrAKxIjr5wbv7~iKxcaLj~0AIkULhK~DAscpwZxGZJ_LIgigB2AK4ANqVKHIbquqi10LVKsgIl5RxyybFQPIGYGAi4yey4PGjDArjsaAgYaBOJaDy4A3i0C4G4EgbUEmiJmIwYmMnm2E0QQA,Landing page is a data app,,FALSE,Lawrence Weru,,No,
175,MAGI,genocat,http://magi.cs.brown.edu/,n/a,Server not found,,FALSE,Lawrence Weru,,No,
176,MAGI,awesome-biological-visualizations,http://magi.brown.edu/,n/a,Server not found,,FALSE,Lawrence Weru,,No,
177,Malaria Cell Atlas,awesome-biological-visualizations,https://www.sanger.ac.uk/science/tools/mca/mca/,https://www.malariacellatlas.org/atlas/plasmodium-falciparum-atlas/,First example,,FALSE,Lawrence Weru,,No,
178,Mason,awesome-genome-visualization,http://www.yeastrc.org/mason/,http://www.yeastrc.org/mason/,Landing page is a data app,,FALSE,Lawrence Weru,,No,
179,mauve-viewer,awesome-genome-visualization,https://github.com/nconrad/mauve-viewer,n/a,404,,FALSE,Lawrence Weru,,No,
180,MEME,genocat,http://meme-suite.org/,https://meme-suite.org/meme/doc/examples/meme_example_output_files/meme.html,First example,,FALSE,Lawrence Weru,,No,
181,Metaspace,awesome-biological-visualizations,https://metaspace2020.eu/,https://metaspace2020.org/annotations?mz=419.3156,First example,,FALSE,Lawrence Weru,,No,
182,Metaviz,awesome-biological-visualizations,http://metaviz.cbcb.umd.edu/,n/a,Server not found,,FALSE,Lawrence Weru,,No,
183,MEXPRESS,genocat,https://mexpress.be/,https://mexpress.be/,Landing page is a data app,,FALSE,Lawrence Weru,Must follow redirects,No,
184,MGcV,genocat,https://mgcv.cmbi.umcn.nl/,n/a,,Not an available tool anymore,FALSE,Lawrence Weru,Googled,No,
185,mGSV (multiple genome synteny viewer),awesome-genome-visualization,https://github.com/kashmatic/mGSV,n/a,Server not found,,FALSE,Lawrence Weru,,No,
186,MicroScope,genocat,https://mage.genoscope.cns.fr/microscope/home/index.php,https://mage.genoscope.cns.fr/microscope/mage/viewer.php?O_id=5769,First example,,FALSE,Lawrence Weru,,No,
187,MizBee,genocat,http://www.cs.utah.edu/~miriah/mizbee/Overview.html,n/a,Doesn't appear to be a web app,,FALSE,Lawrence Weru,,No,
188,MochiView,genocat,http://www.johnsonlab.ucsf.edu/mochi,n/a,Doesn't appear to be a web app,,FALSE,Lawrence Weru,,No,
189,MoMi-G,awesome-genome-visualization,https://github.com/MoMI-G/MoMI-G,n/a,Server not found,,FALSE,Lawrence Weru,,No,
190,MORPHEUS,awesome-biological-visualizations,https://software.broadinstitute.org/morpheus/,https://software.broadinstitute.org/morpheus/,Landing page is a data app,,FALSE,Lawrence Weru,,No,
191,Mouse Brain Atlas,awesome-biological-visualizations,http://mousebrain.org/,http://mousebrain.org/wheel/,First example,,FALSE,Lawrence Weru,,No,
192,MSABrowser,awesome-genome-visualization,https://thekaplanlab.github.io/,https://thekaplanlab.github.io/,Landing page is a data app,,FALSE,Lawrence Weru,,No,
193,Multiple genome viewer,awesome-genome-visualization,http://www.informatics.jax.org/mgv/,http://www.informatics.jax.org/mgv/,Landing page is a data app,,FALSE,Lawrence Weru,,No,
194,Mummer-idotplot,awesome-genome-visualization,https://github.com/ryought/mummer-idotplot,n/a,Doesn't appear to be a web app,,FALSE,Lawrence Weru,,No,
195,Mutaframe,awesome-biological-visualizations,http://deogen2.mutaframe.com/,http://deogen2.mutaframe.com/,Landing page is a data app,,FALSE,Lawrence Weru,,No,
196,MView,awesome-genome-visualization,https://www.ebi.ac.uk/Tools/msa/mview/,https://www.uniprot.org/uniprotkb/P35858/entry,First example,,FALSE,Lawrence Weru,,No,
197,my5c,genocat,http://my5c.umassmed.edu/welcome/welcome.php,n/a,Server not found,,FALSE,Lawrence Weru,,No,
198,NCBI Genome Data Viewer,awesome-genome-visualization,https://www.ncbi.nlm.nih.gov/genome/gdv/,https://www.ncbi.nlm.nih.gov/gdv/browser/genome/?id=GCF_000001405.40,First example,,FALSE,Lawrence Weru,,No,
199,NCBI Genome Decoration,awesome-genome-visualization,null,n/a,Discontinued,,FALSE,Lawrence Weru,,No,
200,NCBI MSA Viewer,awesome-genome-visualization,https://www.ncbi.nlm.nih.gov/projects/msaviewer/,https://www.ncbi.nlm.nih.gov/projects/msaviewer/?appname=ncbi_msav&openuploaddialog,,,FALSE,Lawrence Weru,,No,
201,NCBI Sequence Viewer,genocat,https://www.ncbi.nlm.nih.gov/projects/sviewer/,https://www.ncbi.nlm.nih.gov/projects/sviewer/?id=NC_000001,First example,,FALSE,Lawrence Weru,,No,
202,neuroglancer,awesome-biological-visualizations,https://hemibrain-dot-neuroglancer-demo.appspot.com/#!gs://neuroglancer-janelia-flyem-hemibrain/v1.0/neuroglancer_demo_states/kc_apl_mpn1.json,https://hemibrain-dot-neuroglancer-demo.appspot.com/#!gs://neuroglancer-janelia-flyem-hemibrain/v1.0/neuroglancer_demo_states/kc_apl_mpn1.json,Landing page is a data app,,FALSE,Lawrence Weru,,No,
203,Nextstrain,awesome-biological-visualizations,https://nextstrain.org/,https://nextstrain.org/ncov/gisaid/global/6m,First example,,FALSE,Lawrence Weru,,No,
204,NGB,awesome-genome-visualization,https://github.com/epam/NGB,n/a,Doesn't appear to be a web app,,FALSE,Lawrence Weru,,No,
205,ngs.plot,genocat,https://github.com/shenlab-sinai/ngsplot,n/a,Doesn't appear to be a web app,,FALSE,Lawrence Weru,,No,
206,nightingale/protvista,awesome-genome-visualization,https://ebi-webcomponents.github.io/nightingale/#/msa,n/a,Doesn't appear to be a web app,,FALSE,Lawrence Weru,,No,
207,Nucleome browser,awesome-genome-visualization,https://vis.nucleome.org/v1/main.html,https://vis.nucleome.org/entry/,Home page,,FALSE,Lawrence Weru,,No,
208,OASISPRO,awesome-biological-visualizations,http://tinyurl.com/oasispro,n/a,,Not an available tool anymore,FALSE,Lawrence Weru,Googled,No,
209,OGDRAW,awesome-genome-visualization,https://chlorobox.mpimp-golm.mpg.de/OGDraw.html,https://chlorobox.mpimp-golm.mpg.de/OGDraw.html,Landing page is a data app,,FALSE,Lawrence Weru,,No,
210,OMA local synteny browser,awesome-genome-visualization,https://omabrowser.org/oma/synteny/ADH1A_HUMAN/,https://omabrowser.org/oma/synteny/ADH1A_HUMAN/,Landing page is a data app,,FALSE,Lawrence Weru,,No,
211,Oncoscape,awesome-biological-visualizations,https://oncoscape.sttrcancer.org/,https://oncoscape.sttrcancer.org/#gdc_tcga_acc,Main link,,FALSE,Lawrence Weru,,No,
212,Oviz-Bio,genocat,https://bio.oviz.org/,n/a,Server not found,,FALSE,Lawrence Weru,,No,
213,Peax,awesome-biological-visualizations,https://github.com/Novartis/peax,n/a,No publicly available web demo found,,FALSE,Lawrence Weru,,No,
214,Persephone,genocat,https://persephonesoft.com/,https://web.persephonesoft.com,Main link,,FALSE,Lawrence Weru,,No,
215,PFAM generate_graphic,awesome-genome-visualization,https://pfam.xfam.org/generate_graphic,https://www.ebi.ac.uk/interpro/search/sequence/%3E%20Example%20from%20Pfam%0AMAGAASPCANGCGPSAPSDAEVVHLCRSLEVGTVMTLFYSKKSQRPERKTFQVKLETRQI%0ATWSRGADKIEGAIDIREIKEIRPGKTSRDFDRYQEDPAFRPDQSHCFVILYGMEFRLKTL%0ASLQATSEDEVNMWIRGLTWLMEDTLQAATPLQIERWLRKQFYSVDRNREDRISAKDLKNM%0ALSQVNYRVPNMRFLRERLTDLEQRTSDITYGQFAQLYRSLMYSAQKTMDLPFLEASALRA%0AGERPELCRVSLPEFQQFLLEYQGELWAVDRLQVQEFMLSFLRDPLREIEEPYFFLDEFVT%0AFLFSKENSIWNSQLDEVCPDTMNNPLSHYWISSSHNTYLTGDQFSSESSLEAYARCLRMG%0ACRCIELDCWDGPDGMPVIYHGHTLTTKIKFSDVLHTIKEHAFVASEYPVILSIEDHCSIA%0AQQRNMAQYFKKVLGDTLLTKPVDIAADGLPSPNQLKRKILIKHKKLAEGSAYEEVPTSVM%0AYSENDISNSIKNGILYLEDPVNHEWYPHYFVLTSSKIYYSEETSSDQGNEDEEEPKEASG%0ASTELHSNEKWFHGKLGAGRDGRHIAERLLTEYCIETGAPDGSFLVRESETFVGDYTLSFW%0ARNGKVQHCRIHSRQDAGTPKFFLTDNLVFDSLYDLITHYQQVPLRCNEFEMRLSEPVPQT%0ANAHESKEWYHASLTRAQAEHMLMRVPRDGAFLVRKRNEPNSYAISFRAEGKIKHCRVQQE%0AGQTVMLGNSEFDSLVDLISYYEKHPLYRKMKLRYPINEEALEKIGTAEPDYGALYEGRNP%0AGFYVEANPMPTFKCAVKALFDYKAQREDELTFTKSAIIQNVEKQEGGWWRGDYGGKKQLW%0AFPSNYVEEMVSPAALEPEREHLDENSPLGDLLRGVLDVPACQIAVRPEGKNNRLFVFSIS%0AMASVAHWSLDVAADSQEELQDWVKKIREVAQTADARLTEGKMMERRKKIALELSELVVYC%0ARPVPFDEEKIGTERACYRDMSSFPETKAEKYVNKAKGKKFLQYNRLQLSRIYPKGQRLDS%0ASNYDPLPMWICGSQLVALNFQTPDKPMQMNQALFLAGGHCGYVLQPSVMRDEAFDPFDKS%0ASLRGLEPCAICIEVLGARHLPKNGRGIVCPFVEIEVAGAEYDSIKQKTEFVVDNGLNPVW%0APAKPFHFQISNPEFAFLRFVVYEEDMFSDQNFLAQATFPVKGLKTGYRAVPLKNNYSEGL%0AELASLLVKIDVFPAKQENGDLSPFGGASLRERSCDASGPLFHGRAREGSFEARYQQPFED%0AFRISQEHLADHFDGRDRRTPRRTRVNGDNRL,First example,,FALSE,Lawrence Weru,,No,
216,PGV (pangenome tool),awesome-genome-visualization,https://github.com/ucrbioinfo/PGV,n/a,,There is no example page,FALSE,Thomas Smits,"Link is https://panviz-22b36.firebaseapp.com, no example data",No,
217,PhenoGram,awesome-genome-visualization,https://ritchielab.org/software/phenogram-downloads,n/a,,There is no example page,FALSE,Thomas Smits,"Link is http://visualization.ritchielab.org/phenograms/create, no example data",No,
218,PhyD3,awesome-biological-visualizations,https://phyd3.bits.vib.be/view.php?id=91162629d258a876ee994e9233b2ad87&f=xml,n/a,,Demo is broken,FALSE,Thomas Smits,page not loading,Yes,
219,Pileup.js,awesome-genome-visualization,https://github.com/hammerlab/pileup.js,http://www.hammerlab.org/pileup/,First link in readme,,FALSE,Thomas Smits,,No,
220,PLACNETw,awesome-biological-visualizations,https://castillo.dicom.unican.es/ex1/?unique=58f731fec480a,https://castillo.dicom.unican.es/ex1/?unique=58f731fec480a,Landing page is a data app,,FALSE,Thomas Smits,,No,
221,pLogo,genocat,https://plogo.uconn.edu/,n/a,,Cannot find a sharable URL,FALSE,Thomas Smits,,No,
222,PopSV,awesome-genome-visualization,https://github.com/jmonlong/PopSV/blob/master/3-Visualization.md,n/a,,Not web-based,FALSE,Thomas Smits,R package,No,
223,Prosite/MyDomains,awesome-genome-visualization,https://prosite.expasy.org/mydomains,https://prosite.expasy.org/mydomains,Landing page is a data app,,FALSE,Thomas Smits,Page creates static images - n/a?,No,It has data inputs and generates a data visualization so should count
224,Protael,awesome-genome-visualization,http://sanshu.github.io/protaelweb/,http://sanshu.github.io/protaelweb/demo.html,First link (read more),,FALSE,Thomas Smits,,No,
225,ProteinPaint,awesome-genome-visualization,https://pecan.stjude.cloud/proteinpaint,https://proteinpaint.stjude.org,,,FALSE,Thomas Smits,"Initial website gave 404, found this with google. However, demo page has a lot of demos 'collapsed', so you need to click one to 'open' it. Would this count as non-shareable url, or would this be a good app because the visualizations are on the main page?",Yes,
226,PSAT,awesome-genome-visualization,http://www.nwrce.org/psat,n/a,,Not an available tool anymore,FALSE,Thomas Smits,"Tool from 2008, they probably only bought the domain for 10 years",No,
227,PSU 3D Genome Browser,genocat,http://3dgenome.org/,https://3dgenome.fsm.northwestern.edu/view.php?method=Hi-C&species=human&assembly=hg38&source=inside&type=Rao_2014_raw&resolution=40&c_url=&transfer=&gene=SHH&sessionID=&browser=none,First example from tutorial,,FALSE,Lawrence Weru,,No,
228,PureScript genetics browser,awesome-genome-visualization,https://github.com/chfi/purescript-genetics-browser,https://chfi.github.io/genetics-browser-example/track/,First link in readme,,FALSE,Thomas Smits,,No,
229,pViz,awesome-genome-visualization,https://github.com/Genentech/pviz,n/a,,Demo is broken,FALSE,Thomas Smits,404 on demo link,No,
230,"Race, Gender, and Age in TCGA",awesome-biological-visualizations,https://www.enpicom.com/visual-lab/tcga-visual-exploration-gender-race-age/,n/a,,Not an available tool anymore,FALSE,Thomas Smits,404,No,
231,React MSAViewer,awesome-genome-visualization,https://github.com/plotly/react-msa-viewer,n/a,404,,FALSE,Lawrence Weru,,No,
232,ReadXplorer,genocat,http://www.readxplorer.org/,n/a,,Not an available tool anymore,FALSE,Thomas Smits,"Website doesn't load, and with google the lab page states that the software is no longer available",No,
233,RegulomeExplorer,awesome-genome-visualization,http://explorer.cancerregulome.org/all_pairs/?dataset=TCGA_ACC,n/a,,,FALSE,Thomas Smits,Service unavailable page,No,
234,Ribbon,awesome-genome-visualization,http://genomeribbon.com/,https://v2.genomeribbon.com/?session=example:giab_hg008_gripss#splitthreader,First example,,FALSE,Thomas Smits,Needs ~1 second to load the example visualization,No,
235,RIdeogram,genocat,https://cran.r-project.org/web/packages/RIdeogram/,n/a,,Not web-based,FALSE,Thomas Smits,R package,No,
236,Rondo,genocat,http://www.rondo.ws/,n/a,,Not an available tool anymore,FALSE,Thomas Smits,Website doesn't load,No,
237,RPAN (3kricedb),awesome-genome-visualization,http://cgm.sjtu.edu.cn/3kricedb/visualization/?tracks=DNA%2Cgene%2CPF,http://cgm.sjtu.edu.cn/3kricedb/visualization/?tracks=DNA%2Cgene%2CPF,Landing page is a data app,,FALSE,Thomas Smits,,No,
238,Sashimi Plot,genocat,https://software.broadinstitute.org/software/igv/Sashimi,https://igv.org/app/,,,TRUE,Thomas Smits,,No,
239,Savant Genome Browser 2,genocat,http://genocat.tools/tools/savant_genome_browser_2/www.savantbrowser.com,n/a,,,FALSE,Thomas Smits,"Link is www.savantbrowser.com, webpage not loading",No,
240,SCGV,genocat,https://github.com/KrasnitzLab/SCGV,n/a,,Not web-based,FALSE,Thomas Smits,Python package,No,
241,SCope,awesome-biological-visualizations,http://scope.aertslab.org/,https://scope.aertslab.org/#/scATAC-seq_Benchmark/scATAC-seq_Benchmark%2FBIO_ddseq_1.FIXEDCELLS__count_matrix_in_own_peaks.loom/gene,"First example, then first file",,FALSE,Thomas Smits,"2nd time doesn't load, check back later",Yes,
242,SeqCover,awesome-genome-visualization,https://brentp.github.io/seqcover/#gene=AIFM1,https://brentp.github.io/seqcover/#gene=AIFM1,Landing page is a data app,,FALSE,Thomas Smits,,No,
243,SEQing,awesome-genome-visualization,https://github.com/malewins/SEQing,n/a,,Not web-based,FALSE,Thomas Smits,Python package,No,
244,Sequence Bundles,genocat,https://www.science-practice.com/projects/sequence-bundles/,https://www.ebi.ac.uk/goldman-srv/sequencebundles/,First example,,FALSE,Lawrence Weru,,No,
245,Sequence Surveyor,genocat,https://graphics.cs.wisc.edu/Vis/SequenceSurveyor/SequenceSurveyor.html,n/a,,Not web-based,FALSE,Thomas Smits,,No,
246,sequence tube map,awesome-genome-visualization,https://github.com/vgteam/sequenceTubeMap,https://vgteam.github.io/sequenceTubeMap/,First link in readme (online demo),,FALSE,Thomas Smits,,No,
247,SequenceServer,awesome-genome-visualization,https://sequenceserver.com/,n/a,,There is no example page,FALSE,Thomas Smits,,No,
248,seqviz,awesome-genome-visualization,https://github.com/Lattice-Automation/seqviz#viewer,https://tools.latticeautomation.com/seqviz/,First link in readme (demo),,FALSE,Thomas Smits,,No,
249,SFARI,awesome-genome-visualization,https://gene.sfari.org/database/human-gene/,https://gene.sfari.org/database/human-gene/,Landing page is a data app,,FALSE,Thomas Smits,You do need to click away the pop-up though,No,
250,Shasta,awesome-genome-visualization,https://chanzuckerberg.github.io/shasta/ComputationalMethods.html#ReadGraph,n/a,,Not web-based,FALSE,Thomas Smits,Command line based tool,No,
251,shinyChromosome,awesome-genome-visualization,http://150.109.59.144:3838/shinyChromosome/,n/a,Server dropped connection,,FALSE,Lawrence Weru,,No,
252,SieveSifter,awesome-biological-visualizations,http://sieve.fredhutch.org/viz/index.html?study=VTN503&protein=gag&reference=MRK_B_Ad5,n/a,Timeout,,FALSE,Lawrence Weru,,No,
253,Signal,awesome-biological-visualizations,https://signal.mutationalsignatures.com/,https://signal.mutationalsignatures.com/explore/main/cancer/signatures,First example,,FALSE,Lawrence Weru,,No,
254,SilkDB 3.0,genocat,https://silkdb.bioinfotoolkits.net/main/species-info/BMSK0008583,https://silkdb.bioinfotoolkits.net/main/eFP/BMSK0008583,"First example, first of the tabs that has a visualization",,FALSE,Thomas Smits,I think https://silkdb.bioinfotoolkits.net/main/co-expression/BMSK0008583 would be better but it wouldn't be according to how we are finding app urls,No,
255,SimpleSynteny,awesome-genome-visualization,https://www.dveltri.com/simplesynteny/about.html,https://www.dveltri.com/simplesynteny/stage2.html?u=1742609948972demo&g1name=Genome1&genome1=C.graminicola_genome_supercontig_1.42.fa&gene1=C.graminicola_secondary_cluster18_proteins.fasta&g2name=Genome2&genome2=C.higginsianum_genome_supercontigs_37_481_2277_4474.fa&gene2=C.graminicola_secondary_cluster18_proteins.fasta&evalue=0.001&gapalign=T&iden=50&occ=n,First example,,FALSE,Thomas Smits,"No interactive visualization, static: https://www.dveltri.com/simplesynteny/stage3.html?u=1742572893089demo&g1name=Genome1&genome1=C.graminicola_genome_supercontig_1.42.fa&gene1=C.graminicola_secondary_cluster18_proteins.fasta&g2name=Genome2&genome2=C.higginsianum_genome_supercontigs_37_481_2277_4474.fa&gene2=C.graminicola_secondary_cluster18_proteins.fasta&evalue=0.001&gapalign=T&iden=50&occ=n&g=2",No,It's okay to include since it's an interactive interface that generates a visualization and enables exploration via previous/next buttons
256,Single Cell VR,awesome-biological-visualizations,https://singlecellvr.herokuapp.com/,n/a,Demo link dead,,FALSE,Lawrence Weru,,No,
257,Snake Oil Supplements,awesome-biological-visualizations,http://informationisbeautiful.net/visualizations/snake-oil-scientific-evidence-for-nutritional-supplements-vizsweet/,http://informationisbeautiful.net/visualizations/snake-oil-scientific-evidence-for-nutritional-supplements-vizsweet/,Landing page is a data app,,FALSE,Lawrence Weru,,No,
258,SNIPViz,awesome-genome-visualization,http://www.yeastrc.org/snipviz/4.HTML_Config_retrieve_newick_and_fasta_from_server/snip_viz_HTML_config_with_newick_clustering.html,n/a,Demo link broken,,FALSE,Lawrence Weru,,No,
259,SNPitty,awesome-genome-visualization,https://bitbucket.org/ccbc/snpitty/src/master/,n/a,No publicly available web demo found,,FALSE,Lawrence Weru,,No,
260,Spatial DB,genocat,https://www.spatialomics.org/SpatialDB/,https://www.spatialomics.org/SpatialDB/st_27365449_browse.php,First example,,FALSE,Lawrence Weru,,No,
261,SpliceGrapher,genocat,http://splicegrapher.sourceforge.net/,n/a,Doesn't appear to be a web app,,FALSE,Lawrence Weru,,No,
262,SplicePlot,genocat,http://montgomerylab.stanford.edu/spliceplot/index.html,n/a,404,,FALSE,Lawrence Weru,,No,
263,SpliceSeq,genocat,https://bioinformatics.mdanderson.org/public-software/spliceseq/,n/a,Doesn't appear to be a web app,,FALSE,Lawrence Weru,,No,
264,SplitThreader,awesome-genome-visualization,http://splitthreader.com/,https://v2.genomeribbon.com/?session=example:giab_hg008_gripss#splitthreader,,,FALSE,Lawrence Weru,,No,
265,SPRING,awesome-biological-visualizations,https://kleintools.hms.harvard.edu/tools/springViewer_1_6_dev.html?datasets/mouse_HPCs/basal_bone_marrow/full,https://kleintools.hms.harvard.edu/tools/springViewer_1_6_dev.html?datasets/mouse_HPCs/basal_bone_marrow/full,Landing page is a data app,,FALSE,Lawrence Weru,,No,
266,StainedGlass,awesome-genome-visualization,null,https://resgen.io/paper-data/T2T/views/MtjcVgrlQmymnHIvdck5-g,"Found on web, first example",,FALSE,Lawrence Weru,,No,
267,START,awesome-biological-visualizations,https://kcvi.shinyapps.io/START/,https://kcvi.shinyapps.io/STARTapp_2018/,Landing page is a data app,,FALSE,Lawrence Weru,,No,
268,STRAP,awesome-genome-visualization,http://www.bioinformatics.org/strap/,http://www.bioinformatics.org/strap/aa/aa.php?sid=x2025_03_21_200705Rad58,First example,,TRUE,Lawrence Weru,,No,
269,svist4get,genocat,https://bitbucket.org/artegorov/svist4get/src/master/,n/a,No publicly available web demo found,,FALSE,,,No,
270,SWAV,genocat,http://swav.popgenetics.net/,http://swav.popgenetics.net/example/,First example,,FALSE,,,No,
271,Sybil,awesome-genome-visualization,http://sybil.sourceforge.net/,n/a,Demo link timeout,,FALSE,,,No,
272,SynBrowse,awesome-genome-visualization,null,n/a,Demo link dead,,FALSE,Lawrence Weru,,No,
273,SynMap2,genocat,https://genomevolution.org/coge/SynMap.pl,https://genomevolution.org/coge/SynMap.pl,Landing page is a data app,,FALSE,Lawrence Weru,,No,
274,SynteBase and SynteView,genocat,http://www.synteview.u-psud.fr/,n/a,Discontinued,,FALSE,Lawrence Weru,,No,
275,Synteny Explorer,genocat,https://wooythan.github.io/syntery-explorer/,https://wooythan.github.io/syntery-explorer/,Landing page is a data app,,FALSE,Lawrence Weru,,No,
276,SyntenyPortal,awesome-genome-visualization,http://bioinfo.konkuk.ac.kr/synteny_portal/,http://bioinfo.konkuk.ac.kr/synteny_portal/htdocs/synteny_circos.php,First example,,FALSE,Lawrence Weru,,No,
277,SynTView,awesome-genome-visualization,http://hub18.hosting.pasteur.fr/SynTView/documentation/,n/a,Server not found,,FALSE,Lawrence Weru,,No,
278,TADkit,awesome-biological-visualizations,http://sgt.cnag.cat/3dg/tadkit/demo.h/index.html#!/project/dataset?conf=assets%2Fexamples%2Fconf.json,https://3dgenomes.github.io/TADkit/#/project/browser?conf=assets%2Fexamples%2Fconf.json,,,FALSE,Sehi,,No,
279,TASUKE,awesome-genome-visualization,https://ricegenome.dna.affrc.go.jp/,https://ricegenome.dna.affrc.go.jp/,,,FALSE,Sehi,It took some time to load the entire visualization. I wonder if axe can evaluate after all of them are loaded.,No,
280,Taxonium,awesome-genome-visualization,https://taxonium.org/,https://taxonium.org/sars-cov-2/public?xType=x_dist,,,FALSE,Sehi,It took some time to load the entire visualization. I wonder if axe can evaluate after all of them are loaded.,No,
281,TE-nest,awesome-genome-visualization,null,n/a,,Not an available tool anymore,FALSE,Sehi,"""This page is under construction""",No,
282,TFmotifView,genocat,http://bardet.u-strasbg.fr/tfmotifview/,https://bardet.u-strasbg.fr/tfmotifview/,,,FALSE,Sehi,This is a configuration page before the visualization step,No,
283,TISCH,awesome-biological-visualizations,http://tisch.comp-genomics.org/home/,n/a,,Cannot find a sharable URL,FALSE,Sehi,The website gives 404 error when choosing demo examples,No,
284,TissUUmaps,awesome-biological-visualizations,https://tissuumaps.research.it.uu.se/,https://tissuumaps.scilifelab.se/p2r_human_heart.tmap?path=demo,,,FALSE,Sehi,It took some time to load the entire visualization. I wonder if axe can evaluate after all of them are loaded.,No,
285,TnT,awesome-genome-visualization,https://tnt.marlin.pub/articles/introduction,https://tnt.marlin.pub/articles/introduction,,,FALSE,Sehi,It contains interactive visualizations,No,
286,Trackster,awesome-genome-visualization,https://galaxyproject.org/learn/visualization/,n/a,,There is no example page,FALSE,Sehi,"I see what we previous found (https://usegalaxy.org/) is just a tutorial page. I don't seem to be able to find an example page for the specific tool (i.e., trackster)",No,
287,trackViewer,genocat,https://bioconductor.org/packages/release/bioc/html/trackViewer.html,https://bioconductor.org/packages/release/bioc/vignettes/trackViewer/inst/doc/changeTracksStyles.html,,,FALSE,Sehi,,No,
288,Transposcope,awesome-genome-visualization,null,https://fenyolab.github.io/transposcope_ui/#/dashboard/ungrouped/ungrouped/tipseq_test?locus=chr1-113888412,,,FALSE,Sehi,,No,
289,TreeBrowser (MicrobesOnline),awesome-genome-visualization,http://www.microbesonline.org/cgi-bin/treeBrowse.cgi?locus=17761,https://microbesonline.org/cgi-bin/treeBrowse.cgi?locus=17761,,,FALSE,Sehi,,No,
290,Two Sample Logo,genocat,http://www.twosamplelogo.org/,n/a,,Cannot find a sharable URL,FALSE,Sehi,,No,
291,UCSC Cell Browser,awesome-biological-visualizations,http://cells.ucsc.edu/?ds=cortex-dev,http://cells.ucsc.edu/?ds=cortex-dev,,,FALSE,Sehi,,No,
292,UCSC Genome Browser,genocat,https://genome.ucsc.edu/cgi-bin/hgTracks?db=hg38&lastVirtModeType=default&lastVirtModeExtraState=&virtModeType=default&virtMode=0&nonVirtPosition=&position=chr1%3A11102837-11267747&hgsid=729714349_6ib6LxPNBWK6CgShBpt2CkgFUcIX,https://genome.ucsc.edu/cgi-bin/hgTracks?db=hg38&lastVirtModeType=default&lastVirtModeExtraState=&virtModeType=default&virtMode=0&nonVirtPosition=&position=chr7%3A155799529%2D155812871&hgsid=2477243847_pZEoDxyNurkjs8kAnmStyf5u2pEx,,,FALSE,Sehi,,No,
293,UCSC Genome Browser,awesome-biological-visualizations,https://genome.ucsc.edu/,https://genome.ucsc.edu/cgi-bin/hgTracks?db=hg38&lastVirtModeType=default&lastVirtModeExtraState=&virtModeType=default&virtMode=0&nonVirtPosition=&position=chr7%3A155799529%2D155812871&hgsid=2477243847_pZEoDxyNurkjs8kAnmStyf5u2pEx,duplicated,,FALSE,Sehi,,No,
294,UCSC Genome Graphs,awesome-genome-visualization,http://genome.ucsc.edu/cgi-bin/hgGenome,n/a,,There is no example page,FALSE,Sehi,,No,
295,UCSC Xena,awesome-genome-visualization,https://xena.ucsc.edu/,https://xenabrowser.net/heatmap/?bookmark=634da50313613e659e865c2bfb958ea1,,,FALSE,Sehi,,No,
296,UCSC Xena,awesome-biological-visualizations,https://xenabrowser.net/,https://xenabrowser.net/heatmap/?bookmark=634da50313613e659e865c2bfb958ea1,duplicated,,FALSE,Sehi,,No,
297,UTGB (University of Tokyo Genome Browser),awesome-genome-visualization,http://utgenome.org/,https://repeatscape.utgenome.org/browser/browser.html,,,FALSE,Sehi,,No,
298,Valis browser,awesome-genome-visualization,https://valis.bio/,n/a,,Not an available tool anymore,FALSE,Sehi,,No,
299,Variant View,genocat,https://www.cs.ubc.ca/labs/imager/tr/2013/VariantView/VariantViewSoftware/,n/a,,Not an available tool anymore,FALSE,Sehi,Demo is an empty page,No,
300,Varsome,awesome-genome-visualization,https://varsome.com/security-validation/?next=/variant/hg19/NM_000088.3(COL1A1):c.658C%3ET,https://varsome.com/variant/hg19/NM_000088%3Ac.658C%3ET?,,,FALSE,Sehi,"The URL first shows the ""Security Validation"", so it might be that axe do not evaluate the actual Data App page",Yes,
301,VCF Plotein,genocat,https://vcfplotein.liigh.unam.mx/#/,https://vcfplotein.liigh.unam.mx/#/wizard?demo=true,,,FALSE,Sehi,"There was not sharable link for the actual visualization, so I added a page that configure data before visualization",No,
302,vega,awesome-genome-visualization,http://vega.archive.ensembl.org/Homo_sapiens/Location/Chromosome?r=6-QBL,n/a,,Not an available tool anymore,FALSE,Sehi,It returns 500: Internal Server Error,No,
303,Vials,genocat,http://genocat.tools/tools/vials/vials.io,n/a,,Not an available tool anymore,FALSE,Sehi,,No,
304,Vials,awesome-genome-visualization,http://vials.io/,n/a,,Not an available tool anymore,FALSE,Sehi,,No,
305,VISTA browser,awesome-genome-visualization,http://pipeline.lbl.gov/cgi-bin/gateway2,n/a,,Not web-based,FALSE,Sehi,,No,
306,Vista Dot,genocat,http://pipeline.lbl.gov/vista_help/help.html#dotplot,n/a,,Not an available tool anymore,FALSE,Sehi,,No,
307,Vista Synteny,genocat,http://genome.lbl.gov/vista/index.shtml,https://pipeline.lbl.gov/blockview/blockview/StartView.html??&run=4099&refDataset=169&refPosition=chr9:107543285-107690436&compDataset=283&cutoff=50#refPositionOva=chr9:107543285-107690436&refPositionOvo=chr9:107543285-107690436&compPosition=chr4:1-155630120&run=4099&base=169&comp=283&value=0&itemsPerPage=25&numItems=93&cutoff=50&viewsLocked=false,,,FALSE,Sehi,,No,
308,VistaPoint,genocat,http://pipeline.lbl.gov/cgi-bin/gateway2?selector=vistapoint,https://pipeline.lbl.gov/tbrowser/tbrowser/?pos=chr9:107543285-107690436&base=hg19&run=4099#&base=169&run=4099&pos=chr9:107543285-107690436&genes=refseq6&indx=0&cutoff=50,,,FALSE,Sehi,It took some time to load the entire visualization. I wonder if axe can evaluate after all of them are loaded.,No,
309,Vitessce,awesome-biological-visualizations,http://vitessce.io/,http://vitessce.io/#?dataset=codeluppi-2018,,,FALSE,Sehi,,No,
310,VIVA,awesome-genome-visualization,https://www.biorxiv.org/content/10.1101/589879v1.full.pdf,n/a,,There is no example page,FALSE,Sehi,,No,
311,VRPG,awesome-genome-visualization,https://github.com/codeatcg/VRPG,https://evomicslab.org/app/vrpg/,,,FALSE,Sehi,,No,
312,waragraph,awesome-genome-visualization,https://chfi.github.io/waragraph/,n/a,,There is no example page,FALSE,Sehi,,No,
313,Wasabi,awesome-genome-visualization,http://wasabiapp.org/,http://was.bi/,,,FALSE,Sehi,,No,
314,WashU Epigenome Browser,genocat,http://epigenomegateway.wustl.edu/browser/,https://epigenomegateway.wustl.edu/browser/?blob=3VRNj9owFPwrK58TEsMCJdeqqlZqtxKL6KHqwYlfEhfHTh2bj0b8932GkA206va2Ug9IefZ4PDO855YUoHQFj6wCkpCyoAsSkK2A3YOyYLZMkqQljWXGkoSOZ_GcxvfjSUBA8dMCjSfxfDE.BsQalm0aknxriTqzLZ0Eg3T2UPvSdKVkKSBtv61rK7TCk.3NFpI640sEVWAZZ5Z51MrfdHfFilDRPIGEzAIKy5lsICC5kPAl_XFm8IWX930gFb9Fs4I9muuOWCzea5WLAm9CVlaLYfnTgTl8ULzWQuGh9ngMersG8o.g4MUwRgtMKW2ZNzhw_oIceK_Yfql3.Enj35H_FMXNfW.WSdA11aWhBhnhRqY5rCe.zV6L6Qr8WlID8P8S1hJqYPYzazZXY3RarS6r_chcg_80VENEn1Fpbd0kUbQVv0qXjnausXIE3EW1S6XIIi8qMlWzobNRmv51EofC3m4gkeIicQUo_MxqoMA8nsDe1uvTW8dhT5KQdko.Af4n_KvgtvSPHHZZ6hSX8IBOSDzO4yl9F4f5gmchpZCHC5rOwvs8nU_yaTalsZ9sdF_qnVDFI9uKglltSGKNQ0f9znrZu5TsoF3XD6UoSom_i1TOzGZVgm8JT3B8Bg--,,,FALSE,Sehi,,No,
315,WashU Epigenome Browser,awesome-biological-visualizations,http://epigenomegateway.wustl.edu/,https://epigenomegateway.wustl.edu/browser/?blob=3VRNj9owFPwrK58TEsMCJdeqqlZqtxKL6KHqwYlfEhfHTh2bj0b8932GkA206va2Ug9IefZ4PDO855YUoHQFj6wCkpCyoAsSkK2A3YOyYLZMkqQljWXGkoSOZ_GcxvfjSUBA8dMCjSfxfDE.BsQalm0aknxriTqzLZ0Eg3T2UPvSdKVkKSBtv61rK7TCk.3NFpI640sEVWAZZ5Z51MrfdHfFilDRPIGEzAIKy5lsICC5kPAl_XFm8IWX930gFb9Fs4I9muuOWCzea5WLAm9CVlaLYfnTgTl8ULzWQuGh9ngMersG8o.g4MUwRgtMKW2ZNzhw_oIceK_Yfql3.Enj35H_FMXNfW.WSdA11aWhBhnhRqY5rCe.zV6L6Qr8WlID8P8S1hJqYPYzazZXY3RarS6r_chcg_80VENEn1Fpbd0kUbQVv0qXjnausXIE3EW1S6XIIi8qMlWzobNRmv51EofC3m4gkeIicQUo_MxqoMA8nsDe1uvTW8dhT5KQdko.Af4n_KvgtvSPHHZZ6hSX8IBOSDzO4yl9F4f5gmchpZCHC5rOwvs8nU_yaTalsZ9sdF_qnVDFI9uKglltSGKNQ0f9znrZu5TsoF3XD6UoSom_i1TOzGZVgm8JT3B8Bg--,duplicated,,FALSE,Sehi,,No,
316,wasm bigwig demo browser,awesome-genome-visualization,https://shk656461.github.io/index.html,https://shk656461.github.io/index.html,,,FALSE,Sehi,,No,
317,WebLogo,genocat,https://weblogo.berkeley.edu/logo.cgi,https://weblogo.berkeley.edu/logo.cgi,,,FALSE,Sehi,This is a configuration page before the visualization step,Yes,
318,Zenbu,awesome-genome-visualization,http://fantom.gsc.riken.jp/zenbu/,https://fantom.gsc.riken.jp/zenbu/gLyphs/#config=FANTOM5_promoterome_hg38,,,FALSE,Sehi,It took some time to load the entire visualization. I wonder if axe can evaluate after all of them are loaded.,No,